{"cameraMode":{"drawMode":0,"name":"Shaded","section":"Shading Mode"},"sceneLighting":true,"audioPlay":false,"sceneViewState":{"m_AlwaysRefresh":false,"showFog":true,"showSkybox":true,"showFlares":true,"showImageEffects":true,"showParticleSystems":true,"showVisualEffectGraphs":true,"m_FxEnabled":true},"in2DMode":false,"pivot":{"x":24.217430114746095,"y":0.014137029647827149,"z":0.7448596954345703},"rotation":{"x":-0.05018403381109238,"y":-0.6586707830429077,"z":0.043731942772865298,"w":-0.7496085166931152},"size":13.332052230834961,"orthographic":false}